old-age-death-is-illegal,https://www.thefactsite.com/2009/01/old-age-death-is-illegal.html
woman-gets-shot-in-head-then-makes-tea,https://www.thefactsite.com/2009/04/woman-gets-shot-in-head-then-makes-tea.html
funny-laws-in-uk,https://www.thefactsite.com/2009/06/funny-laws-in-uk.html
burgular-uses-victims-computer-to-check,https://www.thefactsite.com/2009/09/burgular-uses-victims-computer-to-check.html
hitler-and-nazis-tried-to-steal,https://www.thefactsite.com/2009/11/hitler-and-nazis-tried-to-steal.html
top-100-random-funny-facts,https://www.thefactsite.com/2011/07/top-100-random-funny-facts.html
30-facts-about-mormonism,https://www.thefactsite.com/2012/01/30-facts-about-mormonism.html
100-random-food-facts,https://www.thefactsite.com/2012/02/100-random-food-facts.html
greatest-prison-escapes-infographic,https://www.thefactsite.com/2012/04/greatest-prison-escapes-infographic.html
tattoos-art-of-body-modification,https://www.thefactsite.com/2012/04/tattoos-art-of-body-modification.html
crazy-state-laws,https://www.thefactsite.com/2012/06/crazy-state-laws.html
fun-facts-about-komondor-dogs,https://www.thefactsite.com/2012/08/fun-facts-about-komondor-dogs.html
facts-about-colour-pink,https://www.thefactsite.com/2012/09/facts-about-colour-pink.html
pumpkin-facts,https://www.thefactsite.com/2012/10/pumpkin-facts.html
facts-about-wolves,https://www.thefactsite.com/2012/11/facts-about-wolves.html
interesting-facts-about-pasta,https://www.thefactsite.com/2013/01/interesting-facts-about-pasta.html
making-wine,https://www.thefactsite.com/2013/01/making-wine.html
who-was-john-baptist,https://www.thefactsite.com/2013/01/who-was-john-baptist.html
top-100-technology-facts,https://www.thefactsite.com/2013/02/top-100-technology-facts.html
interesting-facts-about-tigers,https://www.thefactsite.com/2013/03/interesting-facts-about-tigers.html
contact-lens-facts,https://www.thefactsite.com/2013/10/contact-lens-facts.html
weird-country-laws,https://www.thefactsite.com/2013/12/weird-country-laws.html
parkour-free-running-facts,https://www.thefactsite.com/2014/04/parkour-free-running-facts.html
pac-man-facts,https://www.thefactsite.com/2014/05/pac-man-facts.html
interesting-elephant-facts,https://www.thefactsite.com/2014/10/interesting-elephant-facts.html
colour-purple-facts,https://www.thefactsite.com/2014/11/colour-purple-facts.html
christmas-eve-facts,https://www.thefactsite.com/2014/12/christmas-eve-facts.html
cards-against-humanity-black-friday-facts,https://www.thefactsite.com/2015/02/cards-against-humanity-black-friday-facts.html
facts-about-earth,https://www.thefactsite.com/2015/02/facts-about-earth.html
taylor-swift-facts,https://www.thefactsite.com/2015/03/taylor-swift-facts.html
100-mind-blowing-facts,https://www.thefactsite.com/2015/04/100-mind-blowing-facts.html
sistine-chapel-facts,https://www.thefactsite.com/2015/07/sistine-chapel-facts.html
facts-about-the-sun,https://www.thefactsite.com/2015/08/facts-about-the-sun.html
basic-wrestling-terms,https://www.thefactsite.com/2015/10/basic-wrestling-terms.html
candy-corn-halloween-facts,https://www.thefactsite.com/2015/10/candy-corn-halloween-facts.html
eight-creepy-spider-facts,https://www.thefactsite.com/2015/10/eight-creepy-spider-facts.html
interesting-banksy-facts,https://www.thefactsite.com/2015/10/interesting-banksy-facts.html
meaning-behind-trick-or-treat,https://www.thefactsite.com/2015/10/meaning-behind-trick-or-treat.html
pope-francis-facts,https://www.thefactsite.com/2015/10/pope-francis-facts.html
coca-cola-christmas-truck-facts,https://www.thefactsite.com/2015/12/coca-cola-christmas-truck-facts.html
20-interesting-facts-comets,https://www.thefactsite.com/2016/01/20-interesting-facts-comets.html
interesting-facts-about-buddha-infographic,https://www.thefactsite.com/2016/01/interesting-facts-about-buddha-infographic.html
color-brown-facts,https://www.thefactsite.com/2016/05/color-brown-facts.html
100-strange-but-true-facts,https://www.thefactsite.com/2016/06/100-strange-but-true-facts.html
milky-way-facts,https://www.thefactsite.com/2016/06/milky-way-facts.html
nasa-facts,https://www.thefactsite.com/2016/07/nasa-facts.html
volkswagen-beetle-facts,https://www.thefactsite.com/2016/07/volkswagen-beetle-facts.html
worlds-fastest-vehicles,https://www.thefactsite.com/2016/07/worlds-fastest-vehicles.html
color-orange-facts,https://www.thefactsite.com/2016/08/color-orange-facts.html
hubble-space-telescope-facts,https://www.thefactsite.com/2016/08/hubble-space-telescope-facts.html
olympics-facts,https://www.thefactsite.com/2016/08/olympics-facts.html
worlds-most-expensive-cars,https://www.thefactsite.com/2016/08/worlds-most-expensive-cars.html
marvel-game-facts,https://www.thefactsite.com/2016/09/marvel-game-facts.html
discovery-of-planets,https://www.thefactsite.com/2016/10/discovery-of-planets.html
halloween-evolution-infographic,https://www.thefactsite.com/2016/10/halloween-evolution-infographic.html
pokemon-raichu-facts,https://www.thefactsite.com/2016/10/pokemon-raichu-facts.html
strangest-technology-based-sports,https://www.thefactsite.com/2016/10/strangest-technology-based-sports.html
volkswagen-campervan-facts,https://www.thefactsite.com/2016/10/volkswagen-campervan-facts.html
asos-history,https://www.thefactsite.com/2016/11/asos-history.html
sony-playstation-2-facts,https://www.thefactsite.com/2016/11/sony-playstation-2-facts.html
rudolph-red-nosed-reindeer-facts,https://www.thefactsite.com/2016/12/rudolph-red-nosed-reindeer-facts.html
weird-driving-laws-usa-infographic,https://www.thefactsite.com/2016/12/weird-driving-laws-usa-infographic.html
milky-way-rum-and-raspberries,https://www.thefactsite.com/2017/01/milky-way-rum-and-raspberries.html
nba-facts,https://www.thefactsite.com/2017/01/nba-facts.html
worlds-largest-t-shirt,https://www.thefactsite.com/2017/01/worlds-largest-t-shirt.html
how-internal-combustion-engines-work,https://www.thefactsite.com/2017/02/how-internal-combustion-engines-work.html
levi-strauss-day,https://www.thefactsite.com/2017/02/levi-strauss-day.html
nintendo-game-boy-facts,https://www.thefactsite.com/2017/02/nintendo-game-boy-facts.html
noahs-ark-facts,https://www.thefactsite.com/2017/02/noahs-ark-facts.html
bella-and-canvas-history,https://www.thefactsite.com/2017/03/bella-and-canvas-history.html
differences-between-prayer-and-meditation,https://www.thefactsite.com/2017/03/differences-between-prayer-and-meditation.html
lent-facts,https://www.thefactsite.com/2017/03/lent-facts.html
malta-facts,https://www.thefactsite.com/2017/03/malta-facts.html
accidental-medical-discoveries-infographic,https://www.thefactsite.com/2017/04/accidental-medical-discoveries-infographic.html
facts-about-drones,https://www.thefactsite.com/2017/04/facts-about-drones.html
phuket-facts,https://www.thefactsite.com/2017/04/phuket-facts.html
the-last-supper-facts,https://www.thefactsite.com/2017/04/the-last-supper-facts.html
things-your-body-does-while-sleeping,https://www.thefactsite.com/2017/04/things-your-body-does-while-sleeping.html
5-ways-technology-improves-eating,https://www.thefactsite.com/2017/05/5-ways-technology-improves-eating.html
denim-jeans-facts,https://www.thefactsite.com/2017/05/denim-jeans-facts.html
facts-about-kidneys,https://www.thefactsite.com/2017/05/facts-about-kidneys.html
hinduism-facts,https://www.thefactsite.com/2017/05/hinduism-facts.html
moon-landing-hoax-debunked,https://www.thefactsite.com/2017/05/moon-landing-hoax-debunked.html
nfl-facts,https://www.thefactsite.com/2017/05/nfl-facts.html
pewdiepie-facts,https://www.thefactsite.com/2017/05/pewdiepie-facts.html
vestiphobia-fear-of-clothing,https://www.thefactsite.com/2017/05/vestiphobia-fear-of-clothing.html
artificial-intelligence-in-law,https://www.thefactsite.com/2017/06/artificial-intelligence-in-law.html
driverless-cars-history,https://www.thefactsite.com/2017/06/driverless-cars-history.html
islam-facts,https://www.thefactsite.com/2017/06/islam-facts.html
spiderman-facts,https://www.thefactsite.com/2017/06/spiderman-facts.html
strange-sunburn-remedies,https://www.thefactsite.com/2017/06/strange-sunburn-remedies.html
darth-vader-suit-costs-infographic,https://www.thefactsite.com/2017/07/darth-vader-suit-costs-infographic.html
donkey-kong-facts,https://www.thefactsite.com/2017/07/donkey-kong-facts.html
google-facts,https://www.thefactsite.com/2017/07/google-facts.html
space-travel-history,https://www.thefactsite.com/2017/07/space-travel-history.html
weirdest-rules-in-sports,https://www.thefactsite.com/2017/07/weirdest-rules-in-sports.html
calvin-klein-facts,https://www.thefactsite.com/2017/08/calvin-klein-facts.html
ford-motor-company-history,https://www.thefactsite.com/2017/08/ford-motor-company-history.html
health-benefits-of-cherries,https://www.thefactsite.com/2017/08/health-benefits-of-cherries.html
oldest-people-in-each-religion,https://www.thefactsite.com/2017/08/oldest-people-in-each-religion.html
samsung-facts,https://www.thefactsite.com/2017/08/samsung-facts.html
sports-bar-trivia,https://www.thefactsite.com/2017/08/sports-bar-trivia.html
100-amazing-facts-you-never-knew,https://www.thefactsite.com/2017/09/100-amazing-facts-you-never-knew.html
adidas-facts,https://www.thefactsite.com/2017/09/adidas-facts.html
concorde-history,https://www.thefactsite.com/2017/09/concorde-history.html
india-facts,https://www.thefactsite.com/2017/09/india-facts.html
nokia-3310-facts,https://www.thefactsite.com/2017/09/nokia-3310-facts.html
universes-strangest-phenomena,https://www.thefactsite.com/2017/09/universes-strangest-phenomena.html
vans-footwear-facts,https://www.thefactsite.com/2017/09/vans-footwear-facts.html
cinnamon-facts,https://www.thefactsite.com/2017/10/cinnamon-facts.html
facts-about-saturns-rings,https://www.thefactsite.com/2017/10/facts-about-saturns-rings.html
global-halloween-traditions,https://www.thefactsite.com/2017/10/global-halloween-traditions.html
graffiti-facts,https://www.thefactsite.com/2017/10/graffiti-facts.html
sunshine-coast-queensland-facts,https://www.thefactsite.com/2017/10/sunshine-coast-queensland-facts.html
ash-ketchum-pokemon-facts,https://www.thefactsite.com/2017/11/ash-ketchum-pokemon-facts.html
microsoft-facts,https://www.thefactsite.com/2017/11/microsoft-facts.html
scotland-facts,https://www.thefactsite.com/2017/11/scotland-facts.html
tattoo-facts,https://www.thefactsite.com/2017/11/tattoo-facts.html
chicken-facts,https://www.thefactsite.com/2017/12/chicken-facts.html
facts-about-the-grinch,https://www.thefactsite.com/2017/12/facts-about-the-grinch.html
red-bull-facts,https://www.thefactsite.com/2017/12/red-bull-facts.html
subway-facts,https://www.thefactsite.com/2017/12/subway-facts.html
van-gogh-facts,https://www.thefactsite.com/2017/12/van-gogh-facts.html
differences-between-bees-and-wasps,https://www.thefactsite.com/2018/01/differences-between-bees-and-wasps.html
evolution-of-ebooks-infographic,https://www.thefactsite.com/2018/01/evolution-of-ebooks-infographic.html
friday-facts,https://www.thefactsite.com/2018/01/friday-facts.html
gandalf-facts,https://www.thefactsite.com/2018/01/gandalf-facts.html
ireland-facts,https://www.thefactsite.com/2018/01/ireland-facts.html
monday-facts,https://www.thefactsite.com/2018/01/monday-facts.html
saturday-facts,https://www.thefactsite.com/2018/01/saturday-facts.html
sunday-facts,https://www.thefactsite.com/2018/01/sunday-facts.html
thursday-facts,https://www.thefactsite.com/2018/01/thursday-facts.html
tuesday-facts,https://www.thefactsite.com/2018/01/tuesday-facts.html
wednesday-facts,https://www.thefactsite.com/2018/01/wednesday-facts.html
disneyland-facts,https://www.thefactsite.com/2018/02/disneyland-facts.html
evangeline-lilly-facts,https://www.thefactsite.com/2018/02/evangeline-lilly-facts.html
facts-about-batman,https://www.thefactsite.com/2018/02/facts-about-batman.html
facts-about-vikings,https://www.thefactsite.com/2018/02/facts-about-vikings.html
guinness-facts,https://www.thefactsite.com/2018/02/guinness-facts.html
nike-facts,https://www.thefactsite.com/2018/02/nike-facts.html
what-is-the-appendix,https://www.thefactsite.com/2018/02/what-is-the-appendix.html
apollo-chocolate-bar-lost,https://www.thefactsite.com/2018/03/apollo-chocolate-bar-lost.html
facts-about-california,https://www.thefactsite.com/2018/03/facts-about-california.html
facts-about-crows,https://www.thefactsite.com/2018/03/facts-about-crows.html
gucci-facts,https://www.thefactsite.com/2018/03/gucci-facts.html
state-with-most-serial-killers,https://www.thefactsite.com/2018/03/state-with-most-serial-killers.html
st-patricks-day-facts,https://www.thefactsite.com/2018/03/st-patricks-day-facts.html
tardigrade-facts,https://www.thefactsite.com/2018/03/tardigrade-facts.html
top-5-logo-design-tools,https://www.thefactsite.com/2018/03/top-5-logo-design-tools.html
backpack-kid-facts,https://www.thefactsite.com/2018/04/backpack-kid-facts.html
fortnite-facts,https://www.thefactsite.com/2018/04/fortnite-facts.html
grand-canyon-facts,https://www.thefactsite.com/2018/04/grand-canyon-facts.html
nikola-tesla-facts,https://www.thefactsite.com/2018/04/nikola-tesla-facts.html
peanut-butter-facts,https://www.thefactsite.com/2018/04/peanut-butter-facts.html
raccoon-facts,https://www.thefactsite.com/2018/04/raccoon-facts.html
rick-and-morty-facts,https://www.thefactsite.com/2018/04/rick-and-morty-facts.html
100-facts-about-your-body,https://www.thefactsite.com/2018/05/100-facts-about-your-body.html
aaron-paul-facts,https://www.thefactsite.com/2018/05/aaron-paul-facts.html
battle-of-the-alamo-facts,https://www.thefactsite.com/2018/05/battle-of-the-alamo-facts.html
cougar-facts,https://www.thefactsite.com/2018/05/cougar-facts.html
river-zain-ceballos-facts,https://www.thefactsite.com/2018/05/river-zain-ceballos-facts.html
star-wars-in-lost,https://www.thefactsite.com/2018/05/star-wars-in-lost.html
turkmenistan-facts,https://www.thefactsite.com/2018/05/turkmenistan-facts.html
armadillo-facts,https://www.thefactsite.com/2018/06/armadillo-facts.html
bulbasaur-facts,https://www.thefactsite.com/2018/06/bulbasaur-facts.html
daniel-radcliffe-facts,https://www.thefactsite.com/2018/06/daniel-radcliffe-facts.html
deadliest-extreme-sports,https://www.thefactsite.com/2018/06/deadliest-extreme-sports.html
facts-about-dingoes,https://www.thefactsite.com/2018/06/facts-about-dingoes.html
history-of-cadbury,https://www.thefactsite.com/2018/06/history-of-cadbury.html
snoring-fixes,https://www.thefactsite.com/2018/06/snoring-fixes.html
surprising-vegan-foods,https://www.thefactsite.com/2018/06/surprising-vegan-foods.html
bts-facts,https://www.thefactsite.com/2018/07/bts-facts.html
cardi-b-facts,https://www.thefactsite.com/2018/07/cardi-b-facts.html
factoid-vs-factlet,https://www.thefactsite.com/2018/07/factoid-vs-factlet.html
facts-about-parrots,https://www.thefactsite.com/2018/07/facts-about-parrots.html
facts-about-yosemite,https://www.thefactsite.com/2018/07/facts-about-yosemite.html
foods-that-kill-heartburn,https://www.thefactsite.com/2018/07/foods-that-kill-heartburn.html
wifi-invention,https://www.thefactsite.com/2018/07/wifi-invention.html
world-cup-facts,https://www.thefactsite.com/2018/07/world-cup-facts.html
world-cup-trophy-stolen,https://www.thefactsite.com/2018/07/world-cup-trophy-stolen.html
amsterdam-eel-riots,https://www.thefactsite.com/2018/08/amsterdam-eel-riots.html
charles-darwin-eating-habits,https://www.thefactsite.com/2018/08/charles-darwin-eating-habits.html
green-tea-production-infographic,https://www.thefactsite.com/2018/08/green-tea-production-infographic.html
instagram-facts,https://www.thefactsite.com/2018/08/instagram-facts.html
neil-patrick-harris-facts,https://www.thefactsite.com/2018/08/neil-patrick-harris-facts.html
nuclear-war,https://www.thefactsite.com/2018/08/nuclear-war.html
pablo-picasso-facts,https://www.thefactsite.com/2018/08/pablo-picasso-facts.html
scotland-midges-facts,https://www.thefactsite.com/2018/08/scotland-midges-facts.html
why-pirates-wore-eyepatches,https://www.thefactsite.com/2018/08/why-pirates-wore-eyepatches.html
9-11-facts,https://www.thefactsite.com/2018/09/9-11-facts.html
ball-lightning,https://www.thefactsite.com/2018/09/ball-lightning.html
beethoven-facts,https://www.thefactsite.com/2018/09/beethoven-facts.html
peacock-facts,https://www.thefactsite.com/2018/09/peacock-facts.html
schadenfreude-meaning,https://www.thefactsite.com/2018/09/schadenfreude-meaning.html
the-simpsons-facts,https://www.thefactsite.com/2018/09/the-simpsons-facts.html
tulip-mania-facts,https://www.thefactsite.com/2018/09/tulip-mania-facts.html
youtube-facts,https://www.thefactsite.com/2018/09/youtube-facts.html
adolf-hitler-facts,https://www.thefactsite.com/2018/10/adolf-hitler-facts.html
australia-facts,https://www.thefactsite.com/2018/10/australia-facts.html
death-star-saved-from-trashcan,https://www.thefactsite.com/2018/10/death-star-saved-from-trashcan.html
facts-about-scarecrows,https://www.thefactsite.com/2018/10/facts-about-scarecrows.html
future-ai-construction-infographic,https://www.thefactsite.com/2018/10/future-ai-construction-infographic.html
giant-anteater-facts,https://www.thefactsite.com/2018/10/giant-anteater-facts.html
haunter-facts-pokemon,https://www.thefactsite.com/2018/10/haunter-facts-pokemon.html
oil-calms-lakes,https://www.thefactsite.com/2018/10/oil-calms-lakes.html
sports-evolution-facts,https://www.thefactsite.com/2018/10/sports-evolution-facts.html
kero-kero-bonito-facts,https://www.thefactsite.com/2018/11/kero-kero-bonito-facts.html
michael-emerson-facts,https://www.thefactsite.com/2018/11/michael-emerson-facts.html
